{
  "block_patterns": {
    "FcPack%d0": {
      "occurrences": [
        "01-1.dxf",
        "01-2.dxf",
        "02-1.dxf",
        "02-2.dxf",
        "03-1.dxf",
        "03-2.dxf",
        "04-1.dxf",
        "04-2.dxf",
        "05-1.dxf",
        "05-2.dxf",
        "06-1.dxf",
        "06-2.dxf",
        "07-1.dxf",
        "07-2.dxf",
        "08-1.dxf",
        "08-2.dxf",
        "09-1.dxf",
        "09-2.dxf",
        "10-1.dxf",
        "10-2.dxf"
      ],
      "sizes": [
        [
          230.7816787639194,
          227.7937399135359
        ],
        [
          125.14595692890501,
          146.17500000000007
        ],
        [
          282.14019181418723,
          220.8125468882397
        ],
        [
          1036.5881607274753,
          972.7237598944934
        ],
        [
          310.5280989449466,
          224.364431552333
        ],
        [
          1043.6024073785975,
          972.723760005249
        ],
        [
          295.867536622134,
          230.4341312112202
        ],
        [
          129.84999999999854,
          119.3999999999998
        ],
        [
          277.3483904626508,
          231.4447159608606
        ],
        [
          97.21034489111977,
          159.3
        ],
        [
          220.4342314156128,
          198.34487249930885
        ],
        [
          972.7264200203927,
          1141.955414348309
        ],
        [
          306.0963058656858,
          183.47466498300696
        ],
        [
          1097.2162530303674,
          972.7237600057974
        ],
        [
          225.0163688090258,
          203.63185961312467
        ],
        [
          129.325,
          118.875
        ],
        [
          291.4487596643395,
          248.6779303273318
        ],
        [
          1070.508538679292,
          972.7264200436412
        ],
        [
          356.8779428419788,
          129.54892370014966
        ],
        [
          138.42499999999927,
          112.30243725627949
        ]
      ],
      "file_types": [
        "敷地図",
        "完成図",
        "敷地図",
        "完成図",
        "敷地図",
        "完成図",
        "敷地図",
        "完成図",
        "敷地図",
        "完成図",
        "敷地図",
        "完成図",
        "敷地図",
        "完成図",
        "敷地図",
        "完成図",
        "敷地図",
        "完成図",
        "敷地図",
        "完成図"
      ],
      "estimated_unit": "mm",
      "confidence": 0.7,
      "stats": {
        "count": 20,
        "avg_width": 431.85687934303144,
        "avg_height": 389.371668410144,
        "std_width": 370.3849186845388,
        "std_height": 369.57428432573363,
        "min_width": 97.21034489111977,
        "max_width": 1097.2162530303674,
        "min_height": 112.30243725627949,
        "max_height": 1141.955414348309
      }
    },
    "FcPack%d1": {
      "occurrences": [
        "01-1.dxf",
        "01-2.dxf",
        "02-1.dxf",
        "02-2.dxf",
        "03-1.dxf",
        "03-2.dxf",
        "04-1.dxf",
        "04-2.dxf",
        "05-1.dxf",
        "05-2.dxf",
        "06-1.dxf",
        "06-2.dxf",
        "07-1.dxf",
        "07-2.dxf",
        "08-1.dxf",
        "08-2.dxf",
        "09-1.dxf",
        "09-2.dxf",
        "10-1.dxf",
        "10-2.dxf"
      ],
      "sizes": [
        [
          400.0,
          277.0
        ],
        [
          1095.0933811586399,
          972.7237598944132
        ],
        [
          400.0,
          277.0
        ],
        [
          435.2175590661759,
          304.4547759602636
        ],
        [
          400.0,
          277.0
        ],
        [
          110.54387723318794,
          132.52499999999998
        ],
        [
          400.0,
          277.0
        ],
        [
          1100.0465945341552,
          972.7259000059782
        ],
        [
          400.0,
          277.0
        ],
        [
          167.98136084172438,
          258.3480904233224
        ],
        [
          400.0,
          277.0
        ],
        [
          120.22500000000036,
          127.97500000000036
        ],
        [
          400.0,
          277.0
        ],
        [
          120.22500000000036,
          146.17500000000018
        ],
        [
          400.0,
          277.0
        ],
        [
          225.0163688090262,
          218.6983536704512
        ],
        [
          400.0,
          277.0
        ],
        [
          119.69999999999709,
          141.62499999999977
        ],
        [
          400.0,
          277.0
        ],
        [
          972.7237599498578,
          1053.6832010940032
        ]
      ],
      "file_types": [
        "敷地図",
        "完成図",
        "敷地図",
        "完成図",
        "敷地図",
        "完成図",
        "敷地図",
        "完成図",
        "敷地図",
        "完成図",
        "敷地図",
        "完成図",
        "敷地図",
        "完成図",
        "敷地図",
        "完成図",
        "敷地図",
        "完成図",
        "敷地図",
        "完成図"
      ],
      "estimated_unit": "mm",
      "confidence": 0.7,
      "stats": {
        "count": 20,
        "avg_width": 423.33864507963824,
        "avg_height": 354.9467040524216,
        "std_width": 298.6753153512204,
        "std_height": 284.0323264912195,
        "min_width": 110.54387723318794,
        "max_width": 1100.0465945341552,
        "min_height": 127.97500000000036,
        "max_height": 1053.6832010940032
      }
    },
    "FcPack%d2": {
      "occurrences": [
        "01-2.dxf",
        "02-2.dxf",
        "03-2.dxf",
        "04-2.dxf",
        "05-2.dxf",
        "06-2.dxf",
        "07-2.dxf",
        "08-2.dxf",
        "09-2.dxf",
        "10-2.dxf"
      ],
      "sizes": [
        [
          400.0,
          277.0
        ],
        [
          400.0,
          277.0
        ],
        [
          400.0,
          277.0
        ],
        [
          400.0,
          277.0
        ],
        [
          400.0,
          277.0
        ],
        [
          400.0,
          277.0
        ],
        [
          400.0,
          277.0
        ],
        [
          400.0,
          277.0
        ],
        [
          400.0,
          277.0
        ],
        [
          400.0,
          277.0
        ]
      ],
      "file_types": [
        "完成図",
        "完成図",
        "完成図",
        "完成図",
        "完成図",
        "完成図",
        "完成図",
        "完成図",
        "完成図",
        "完成図"
      ],
      "estimated_unit": "mm",
      "confidence": 0.7,
      "stats": {
        "count": 10,
        "avg_width": 400.0,
        "avg_height": 277.0,
        "std_width": 0.0,
        "std_height": 0.0,
        "min_width": 400.0,
        "max_width": 400.0,
        "min_height": 277.0,
        "max_height": 277.0
      }
    },
    "FcPack%d4": {
      "occurrences": [
        "01-2.dxf",
        "02-2.dxf",
        "03-2.dxf",
        "06-2.dxf",
        "09-2.dxf"
      ],
      "sizes": [
        [
          86.80000000000005,
          32.0
        ],
        [
          86.80000000000001,
          40.000000000000014
        ],
        [
          86.80000000000001,
          32.0
        ],
        [
          14.38785858426651,
          31.973019076147807
        ],
        [
          5.0,
          5.0
        ]
      ],
      "file_types": [
        "完成図",
        "完成図",
        "完成図",
        "完成図",
        "完成図"
      ],
      "estimated_unit": "m",
      "confidence": 0.6,
      "stats": {
        "count": 5,
        "avg_width": 55.957571716853316,
        "avg_height": 28.194603815229563,
        "std_width": 42.36295938791031,
        "std_height": 13.421955216686252,
        "min_width": 5.0,
        "max_width": 86.80000000000005,
        "min_height": 5.0,
        "max_height": 40.000000000000014
      }
    },
    "FcPack%d3": {
      "occurrences": [
        "04-2.dxf",
        "06-2.dxf",
        "08-2.dxf",
        "10-2.dxf"
      ],